"Date(UTC)","OrderNo","Pair","Type","Side","Order Price","Order Amount","Time","Executed","Average Price","Trading total","Status"
"2022-12-03 19:03:16","975669667","YFIIUSDT","Stop-Limit","SELL","2200.0000000000","0.0210000000YFII","2023-03-24 13:50:51","0.0000000000YFII","0E-8","0.0000000000USDT","EXPIRED"
"2022-12-03 19:01:35","975665975","YFIIUSDT","Stop-Limit","SELL","1900.0000000000","0.0210000000YFII","2023-03-24 13:50:51","0.0000000000YFII","0E-8","0.0000000000USDT","EXPIRED"
"2022-12-03 19:00:09","975660833","YFIIUSDT","Market","BUY","0E-10","0.0420000000YFII","2022-12-03 19:00:09","0.0420000000YFII","1186.20000000","49.8204000000USDT","FILLED"
"2022-12-03 18:59:26","790587760","BUSDUSDT","Market","SELL","0E-10","50.0000000000BUSD","2022-12-03 18:59:26","50.0000000000BUSD","0.99990000","49.9950000000USDT","FILLED"
"2022-10-11 00:40:08","312788235","SUSHIBUSD","Stop-Limit","SELL","3.7000000000","11.9000000000SUSHI","2023-03-24 13:50:51","0.0000000000SUSHI","0E-8","0.0000000000BUSD","EXPIRED"
"2022-10-11 00:38:29","312787667","SUSHIBUSD","Market","BUY","0E-10","12.0000000000SUSHI","2022-10-11 00:38:29","12.0000000000SUSHI","1.27000000","15.2400000000BUSD","FILLED"
"2022-10-11 00:34:10","933006465","YFIIUSDT","Stop-Limit","SELL","1850.0000000000","0.0271000000YFII","2022-11-08 22:22:38","0.0271000000YFII","1850.00000000","50.1350000000USDT","FILLED"
"2022-10-11 00:32:48","933006346","YFIIUSDT","Limit","BUY","965.7000000000","0.0271000000YFII","2022-10-11 00:32:48","0.0271000000YFII","965.70000000","26.1704700000USDT","FILLED"
"2022-09-17 11:40:00","5742792011","ETHBUSD","Stop-Limit","SELL","1800.0000000000","0.0140000000ETH","2023-03-24 13:50:34","0.0000000000ETH","0E-8","0.0000000000BUSD","EXPIRED"
"2022-09-17 11:38:12","77109974","AERGOBUSD","Stop-Limit","SELL","0.3900000000","70.0000000000AERGO","2023-03-24 13:50:56","0.0000000000AERGO","0E-8","0.0000000000BUSD","EXPIRED"
"2022-09-17 11:37:11","77109283","AERGOBUSD","Stop-Limit","SELL","0.4500000000","104.0000000000AERGO","2023-03-24 13:50:56","0.0000000000AERGO","0E-8","0.0000000000BUSD","EXPIRED"
"2022-09-17 11:36:31","77109136","AERGOBUSD","Stop-Limit","SELL","0.2800000000","103.0000000000AERGO","2023-03-24 13:50:56","0.0000000000AERGO","0E-8","0.0000000000BUSD","EXPIRED"
"2022-09-17 11:35:30","77108936","AERGOBUSD","Market","BUY","0E-10","207.0000000000AERGO","2022-09-17 11:35:30","207.0000000000AERGO","0.14440000","29.8908000000BUSD","FILLED"
"2022-09-17 11:34:58","77108850","AERGOBUSD","Limit","BUY","0.1442000000","138.0000000000AERGO","2022-09-17 11:35:14","0.0000000000AERGO","0E-8","0.0000000000BUSD","CANCELED"
"2022-09-17 11:33:23","5742755939","ETHBUSD","Limit","BUY","1425.1000000000","0.0140000000ETH","2022-09-17 11:33:23","0.0140000000ETH","1424.91000000","19.9487400000BUSD","FILLED"
"2022-08-18 23:59:19","289732054","UNFIBUSD","Limit","BUY","7.3010000000","2.5000000000UNFI","2022-08-26 23:34:09","2.5000000000UNFI","7.30100000","18.2525000000BUSD","FILLED"
"2022-08-10 23:37:10","516055017","SHIBBUSD","Stop-Limit","SELL","0.0000601000","906008.0000000000SHIB","2023-03-24 13:51:07","0.0000000000SHIB","0E-8","0.0000000000BUSD","EXPIRED"
"2022-08-10 23:34:52","625252774","MATICBUSD","Stop-Limit","SELL","1.5500000000","22.9000000000MATIC","2023-03-24 13:50:43","0.0000000000MATIC","0E-8","0.0000000000BUSD","EXPIRED"
"2022-08-10 23:34:34","625252703","MATICBUSD","Stop-Limit","SELL","1.5500000000","22.9000000000MATIC","2023-03-24 13:50:43","0.0000000000MATIC","0E-8","0.0000000000BUSD","EXPIRED"
"2022-08-10 23:26:51","535909134","DOTBUSD","Limit","BUY","9.4700000000","3.1300000000DOT","2022-08-10 23:26:51","3.1300000000DOT","9.46000000","29.6098000000BUSD","FILLED"
"2022-08-10 23:26:12","225450474","SFPBUSD","Limit","BUY","0.4296000000","46.0000000000SFP","2022-08-10 23:26:12","46.0000000000SFP","0.42930000","19.7478000000BUSD","FILLED"
"2022-08-10 23:25:52","516052691","SHIBBUSD","Limit","BUY","0.0000123400","1620745.0000000000SHIB","2022-08-10 23:25:52","1620745.0000000000SHIB","0.00001234","19.9999933000BUSD","FILLED"
"2022-08-10 23:25:32","625248062","MATICBUSD","Limit","BUY","0.9357000000","32.0000000000MATIC","2022-08-10 23:26:53","32.0000000000MATIC","0.93570000","29.9424000000BUSD","FILLED"
"2022-08-10 23:25:09","5652566703","BTCBUSD","Limit","BUY","23889.0100000000","0.0020900000BTC","2022-08-10 23:29:01","0.0020900000BTC","23889.01000000","49.9280309000BUSD","FILLED"
"2022-08-10 23:24:37","913167439","ADABUSD","Limit","BUY","0.5357000000","56.0000000000ADA","2022-08-10 23:24:43","56.0000000000ADA","0.53570000","29.9992000000BUSD","FILLED"
"2022-07-30 12:28:58","67804889","BURGERBUSD","Limit","BUY","1.7270000000","8.2000000000BURGER","2022-07-30 12:31:23","8.2000000000BURGER","1.72700000","14.1614000000BUSD","FILLED"
"2022-07-30 01:27:01","274665667","UNIBUSD","Limit","BUY","5.9200000000","4.7300000000UNI","2022-08-10 23:23:51","0.0000000000UNI","0E-8","0.0000000000BUSD","CANCELED"
"2022-07-30 01:23:37","265627759","UNFIBUSD","Limit","BUY","5.9630000000","6.9000000000UNFI","2022-08-10 23:23:53","0.0000000000UNFI","0E-8","0.0000000000BUSD","CANCELED"
"2022-07-27 12:33:55","527509111","DOTBUSD","Limit","BUY","6.0700000000","2.4800000000DOT","2022-08-10 23:24:11","0.0000000000DOT","0E-8","0.0000000000BUSD","CANCELED"
"2022-07-24 11:53:31","68098694","AERGOBUSD","Stop-Limit","SELL","0.2500000000","212.0000000000AERGO","2022-09-11 09:50:00","212.0000000000AERGO","0.30410000","64.4692000000BUSD","FILLED"
"2022-07-24 11:50:36","68098624","AERGOBUSD","Limit","SELL","0.4131000000","70.0000000000AERGO","2022-09-17 11:37:27","0.0000000000AERGO","0E-8","0.0000000000BUSD","CANCELED"
"2022-07-24 11:48:36","68098584","AERGOBUSD","Limit","BUY","0.1313000000","282.0000000000AERGO","2022-07-24 11:49:18","282.0000000000AERGO","0.13130000","37.0266000000BUSD","FILLED"
"2022-07-22 01:45:53","258413933","UNFIBUSD","Stop-Limit","SELL","7.4000000000","5.3000000000UNFI","2022-07-29 10:39:48","5.3000000000UNFI","8.96800000","47.5304000000BUSD","FILLED"
"2022-07-22 01:44:35","258413599","UNFIBUSD","Limit","BUY","6.0320000000","5.3000000000UNFI","2022-07-22 01:44:35","5.3000000000UNFI","6.03200000","31.9696000000BUSD","FILLED"
"2022-07-22 01:43:47","258413389","UNFIBUSD","Limit","BUY","6.0230000000","5.3000000000UNFI","2022-07-22 01:44:18","0.0000000000UNFI","0E-8","0.0000000000BUSD","CANCELED"
"2022-07-21 09:58:54","5459041239","BTCBUSD","Market","BUY","0E-10","0.0045900000BTC","2022-07-21 09:58:54","0.0045900000BTC","22994.01337691","105.5425214000BUSD","FILLED"
"2022-07-21 02:43:40","5455727402","BTCBUSD","Limit","BUY","20537.3000000000","0.0051500000BTC","2022-07-21 09:58:33","0.0000000000BTC","0E-8","0.0000000000BUSD","CANCELED"
"2022-07-21 02:43:07","5455723003","BTCBUSD","Market","SELL","0E-10","0.0034400000BTC","2022-07-21 02:43:07","0.0034400000BTC","23067.09000000","79.3507896000BUSD","FILLED"
"2022-07-20 00:51:23","257196470","UNFIBUSD","Limit","BUY","4.3580000000","7.3000000000UNFI","2022-07-22 01:42:57","0.0000000000UNFI","0E-8","0.0000000000BUSD","CANCELED"
"2022-07-20 00:48:35","492031836","FTMBUSD","Limit","BUY","0.2318000000","129.0000000000FTM","2022-08-10 23:24:00","0.0000000000FTM","0E-8","0.0000000000BUSD","CANCELED"
"2022-07-20 00:26:33","290690940","SUSHIBUSD","Stop-Limit","SELL","1.4220000000","11.7000000000SUSHI","2022-07-29 12:29:40","11.7000000000SUSHI","1.46800000","17.1756000000BUSD","FILLED"
"2022-07-20 00:26:04","290690819","SUSHIBUSD","Stop-Limit","SELL","1.4220000000","11.8000000000SUSHI","2022-07-28 22:51:50","11.8000000000SUSHI","1.58500000","18.7030000000BUSD","FILLED"
"2022-07-20 00:24:05","404415183","AXSBUSD","Stop-Limit","SELL","15.8400000000","2.0800000000AXS","2022-07-24 03:18:51","2.0800000000AXS","17.73341346","36.8855000000BUSD","FILLED"
"2022-07-17 11:07:54","403489848","AXSBUSD","Limit","BUY","14.3800000000","2.0800000000AXS","2022-07-17 11:13:04","2.0800000000AXS","14.38000000","29.9104000000BUSD","FILLED"
"2022-07-16 02:28:35","1323827319","BNBBUSD","Limit","BUY","190.7000000000","0.1430000000BNB","2022-08-10 23:24:09","0.0000000000BNB","0E-8","0.0000000000BUSD","CANCELED"
"2022-07-13 23:26:19","253330065","UNFIBUSD","Stop-Limit","SELL","6.5000000000","5.1000000000UNFI","2022-07-19 15:13:23","5.1000000000UNFI","6.64000000","33.8640000000BUSD","FILLED"
"2022-07-13 23:23:46","253328818","UNFIBUSD","Limit","BUY","5.8010000000","5.1000000000UNFI","2022-07-13 23:24:08","5.1000000000UNFI","5.80100000","29.5851000000BUSD","FILLED"
"2022-07-12 03:53:45","288224738","SUSHIBUSD","Limit","BUY","0.8140000000","33.2000000000SUSHI","2022-07-16 02:27:53","0.0000000000SUSHI","0E-8","0.0000000000BUSD","CANCELED"
"2022-07-12 03:53:04","288224675","SUSHIBUSD","Limit","BUY","1.1430000000","23.5000000000SUSHI","2022-07-12 06:39:55","23.5000000000SUSHI","1.14300000","26.8605000000BUSD","FILLED"
"2022-07-12 03:50:31","249883626","AAVEBUSD","Limit","BUY","49.8000000000","0.6020000000AAVE","2022-07-17 11:07:17","0.0000000000AAVE","0E-8","0.0000000000BUSD","CANCELED"
"2022-07-12 03:47:51","251951358","UNFIBUSD","Limit","BUY","4.8900000000","6.1000000000UNFI","2022-07-13 23:23:34","0.0000000000UNFI","0E-8","0.0000000000BUSD","CANCELED"
"2022-07-12 03:46:39","5072076624","ETHBUSD","Limit","BUY","900.0000000000","0.0421000000ETH","2022-08-10 23:24:04","0.0000000000ETH","0E-8","0.0000000000BUSD","CANCELED"
"2022-07-09 18:55:03","401389087","CAKEBUSD","Stop-Limit","SELL","2.6200000000","4.6800000000CAKE","2022-07-26 00:04:06","4.6800000000CAKE","3.22900000","15.1117200000BUSD","FILLED"
"2022-07-09 14:20:15","401366149","CAKEBUSD","Stop-Limit","SELL","2.5400000000","4.6900000000CAKE","2022-08-17 13:45:10","4.6900000000CAKE","4.01800000","18.8444200000BUSD","FILLED"
"2022-07-09 14:19:00","401365902","CAKEBUSD","Stop-Limit","SELL","2.6500000000","4.6800000000CAKE","2022-07-09 18:54:08","0.0000000000CAKE","0E-8","0.0000000000BUSD","CANCELED"
"2022-07-09 14:17:01","401365433","CAKEBUSD","Limit","BUY","3.2000000000","9.3700000000CAKE","2022-07-09 14:17:05","9.3700000000CAKE","3.20000000","29.9840000000BUSD","FILLED"
"2022-07-09 14:13:56","219770480","BAKEBUSD","Stop-Limit","SELL","0.2500000000","66.3000000000BAKE","2022-07-10 13:33:58","66.3000000000BAKE","0.29100000","19.2933000000BUSD","FILLED"
"2022-07-09 01:56:26","484208216","FTMBUSD","Stop-Limit","SELL","0.2135000000","83.0000000000FTM","2022-07-20 20:06:48","83.0000000000FTM","0.31630000","26.2529000000BUSD","FILLED"
"2022-07-09 00:04:33","484138739","FTMBUSD","Stop-Limit","SELL","0.2127000000","84.0000000000FTM","2022-07-20 00:14:54","84.0000000000FTM","0.33450000","28.0980000000BUSD","FILLED"
"2022-07-08 23:56:41","484130395","FTMBUSD","Stop-Limit","BUY","0.2350000000","150.0000000000FTM","2022-07-09 18:50:42","0.0000000000FTM","0E-8","0.0000000000BUSD","CANCELED"
"2022-07-08 21:33:04","484082287","FTMBUSD","Limit","BUY","0.2795000000","167.0000000000FTM","2022-07-08 21:34:19","167.0000000000FTM","0.27950000","46.6765000000BUSD","FILLED"
"2022-07-08 21:22:03","40402355","BUSDBRL","Limit","BUY","5.3190000000","188.0000000000BUSD","2022-07-08 21:23:12","188.0000000000BUSD","5.31900000","999.9720000000BRL","FILLED"
"2022-07-06 09:59:21","219404186","BAKEBUSD","Limit","BUY","0.2710000000","55.6000000000BAKE","2022-07-06 09:59:44","55.6000000000BAKE","0.27100000","15.0676000000BUSD","FILLED"
"2022-07-04 23:25:04","79914656","GALBUSD","Stop-Limit","SELL","14.0000000000","5.2000000000GAL","2023-03-24 13:51:24","0.0000000000GAL","0E-8","0.0000000000BUSD","EXPIRED"
"2022-07-04 23:16:59","79912163","GALBUSD","Limit","BUY","2.9230000000","5.1240000000GAL","2022-07-04 23:17:50","5.1240000000GAL","2.92300000","14.9774520000BUSD","FILLED"
"2022-07-04 23:12:28","219234159","BAKEBUSD","Limit","BUY","0.2610000000","57.4000000000BAKE","2022-07-04 23:15:42","0.0000000000BAKE","0E-8","0.0000000000BUSD","CANCELED"
"2022-07-02 15:14:21","242659407","UNFIBUSD","Stop-Limit","SELL","5.5050000000","3.6000000000UNFI","2022-07-02 17:31:23","3.6000000000UNFI","6.09000000","21.9240000000BUSD","FILLED"
"2022-07-02 15:09:57","242652148","UNFIBUSD","Market","BUY","0E-10","3.6000000000UNFI","2022-07-02 15:09:57","3.6000000000UNFI","5.52900000","19.9044000000BUSD","FILLED"
"2022-07-02 15:08:47","39971040","BUSDBRL","Market","BUY","0E-10","28.0000000000BUSD","2022-07-02 15:08:47","28.0000000000BUSD","5.34700000","149.7160000000BRL","FILLED"
"2022-06-14 05:12:14","322289444","BTCBRL","Limit","BUY","103376.0000000000","0.0014500000BTC","2022-06-18 06:51:36","0.0014500000BTC","103376.00000000","149.8952000000BRL","FILLED"
"2022-06-14 05:09:10","322285641","BTCBRL","Limit","BUY","25096.0000000000","0.0030100000BTC","2022-06-14 05:10:47","0.0000000000BTC","0E-8","0.0000000000BRL","CANCELED"
"2022-06-14 05:09:02","322285494","BTCBRL","Limit","BUY","45096.0000000000","0.0016700000BTC","2022-06-14 05:10:50","0.0000000000BTC","0E-8","0.0000000000BRL","CANCELED"
"2022-06-14 05:08:47","322285352","BTCBRL","Limit","BUY","65096.0000000000","0.0023000000BTC","2022-07-02 15:08:27","0.0000000000BTC","0E-8","0.0000000000BRL","CANCELED"
"2022-06-14 05:08:31","322285090","BTCBRL","Limit","BUY","95096.0000000000","0.0010500000BTC","2022-06-18 18:28:15","0.0010500000BTC","95096.00000000","99.8508000000BRL","FILLED"
"2022-06-14 05:06:27","79162020","BNBBRL","Limit","BUY","1082.0000000000","0.0920000000BNB","2022-06-15 05:30:36","0.0920000000BNB","1082.00000000","99.5440000000BRL","FILLED"
"2022-06-14 04:50:48","5116016989","BTCBUSD","Limit","BUY","20907.5100000000","0.0009500000BTC","2022-06-15 04:35:58","0.0009500000BTC","20907.51000000","19.8621345000BUSD","FILLED"
"2022-06-14 04:07:17","47121533","QIUSDT","Limit","SELL","0.0613000000","400.0000000000QI","2022-06-14 04:07:17","0.0000000000QI","0E-8","0.0000000000USDT","UNKNOWN_STATUS"
"2022-06-14 04:04:56","47121120","QIUSDT","Limit","BUY","0.0130000000","800.0000000000QI","2022-06-14 04:06:12","800.0000000000QI","0.01300000","10.4000000000USDT","FILLED"
"2022-06-14 03:35:49","4850934748","ETHBUSD","Limit","SELL","4168.6100000000","0.0087000000ETH","2022-06-14 03:35:49","0.0000000000ETH","0E-8","0.0000000000BUSD","UNKNOWN_STATUS"
"2022-06-14 03:35:09","4850925341","ETHBUSD","Limit","SELL","3170.9700000000","0.0087000000ETH","2022-06-14 03:35:09","0.0000000000ETH","0E-8","0.0000000000BUSD","UNKNOWN_STATUS"
"2022-06-14 03:34:01","4850907582","ETHBUSD","Market","BUY","0E-10","0.0175000000ETH","2022-06-14 03:34:01","0.0175000000ETH","1170.56000000","20.4848000000BUSD","FILLED"
"2022-06-12 02:53:28","4826229195","ETHBUSD","Limit","BUY","1059.3800000000","0.0193000000ETH","2022-06-14 03:33:49","0.0000000000ETH","0E-8","0.0000000000BUSD","CANCELED"
"2022-06-11 04:58:33","4818172027","ETHBUSD","Limit","SELL","4676.9800000000","0.0060000000ETH","2022-06-11 04:58:33","0.0000000000ETH","0E-8","0.0000000000BUSD","UNKNOWN_STATUS"
"2022-06-11 04:58:05","4818170978","ETHBUSD","Limit","SELL","3476.6600000000","0.0059000000ETH","2022-06-11 04:58:05","0.0000000000ETH","0E-8","0.0000000000BUSD","UNKNOWN_STATUS"
"2022-06-11 04:55:56","479495435","AVAXBUSD","Limit","SELL","92.7000000000","0.2200000000AVAX","2022-06-11 04:55:56","0.0000000000AVAX","0E-8","0.0000000000BUSD","UNKNOWN_STATUS"
"2022-06-11 04:55:29","479495217","AVAXBUSD","Limit","SELL","42.6900000000","0.4300000000AVAX","2022-06-11 04:55:29","0.0000000000AVAX","0E-8","0.0000000000BUSD","UNKNOWN_STATUS"
"2022-06-11 04:53:40","479494010","AVAXBUSD","Market","BUY","0E-10","0.8800000000AVAX","2022-06-11 04:53:40","0.8800000000AVAX","22.64000000","19.9232000000BUSD","FILLED"
"2022-06-11 04:49:17","4818151913","ETHBUSD","Market","BUY","0E-10","0.0119000000ETH","2022-06-11 04:49:17","0.0119000000ETH","1674.20000000","19.9229800000BUSD","FILLED"
"2022-06-09 20:49:41","6534073","MCBUSD","Limit","SELL","5.1300000000","6.6300000000MC","2022-06-09 20:49:41","0.0000000000MC","0E-8","0.0000000000BUSD","UNKNOWN_STATUS"
"2022-06-09 20:48:53","6534068","MCBUSD","Limit","SELL","3.1300000000","6.6300000000MC","2022-06-09 20:48:53","0.0000000000MC","0E-8","0.0000000000BUSD","UNKNOWN_STATUS"
"2022-06-09 20:47:41","6534055","MCBUSD","Market","BUY","0E-10","13.2700000000MC","2022-06-09 20:47:41","13.2700000000MC","1.13000000","14.9951000000BUSD","FILLED"
"2022-06-09 00:24:54","214377448","UNFIBUSD","Limit","BUY","2.4300000000","8.2000000000UNFI","2022-06-14 04:49:22","0.0000000000UNFI","0E-8","0.0000000000BUSD","CANCELED"
"2022-06-08 00:40:17","224697917","ALICEBUSD","Limit","SELL","13.7540000000","3.6200000000ALICE","2022-06-08 00:40:17","0.0000000000ALICE","0E-8","0.0000000000BUSD","UNKNOWN_STATUS"
"2022-06-08 00:38:51","224697449","ALICEBUSD","Limit","SELL","9.7600000000","3.6200000000ALICE","2022-06-08 00:38:51","0.0000000000ALICE","0E-8","0.0000000000BUSD","UNKNOWN_STATUS"
"2022-06-08 00:37:57","224697200","ALICEBUSD","Market","BUY","0E-10","7.2400000000ALICE","2022-06-08 00:37:57","7.2400000000ALICE","2.76000000","19.9824000000BUSD","FILLED"
"2022-06-08 00:34:08","453556836","FTMBUSD","Limit","SELL","1.7356000000","21.0000000000FTM","2022-06-08 00:34:08","0.0000000000FTM","0E-8","0.0000000000BUSD","UNKNOWN_STATUS"
"2022-06-08 00:33:30","453556317","FTMBUSD","Limit","SELL","1.3562000000","21.0000000000FTM","2022-06-08 00:33:30","0.0000000000FTM","0E-8","0.0000000000BUSD","UNKNOWN_STATUS"
"2022-06-08 00:32:49","453555748","FTMBUSD","Market","BUY","0E-10","42.0000000000FTM","2022-06-08 00:32:49","42.0000000000FTM","0.35620000","14.9604000000BUSD","FILLED"
"2022-06-07 23:39:26","100220232","PSGBUSD","Limit","SELL","37.5300000000","0.9900000000PSG","2022-06-07 23:39:53","0.0000000000PSG","0E-8","0.0000000000BUSD","CANCELED"
"2022-06-07 23:38:59","100220227","PSGBUSD","Limit","SELL","27.5300000000","0.9900000000PSG","2022-06-07 23:38:59","0.0000000000PSG","0E-8","0.0000000000BUSD","UNKNOWN_STATUS"
"2022-06-07 23:38:19","100220214","PSGBUSD","Market","BUY","0E-10","1.9900000000PSG","2022-06-07 23:38:19","1.9900000000PSG","7.53000000","14.9847000000BUSD","FILLED"
"2022-06-07 23:35:25","87821683","REEFBUSD","Limit","SELL","0.0214300000","1728.4000000000REEF","2022-06-07 23:35:25","0.0000000000REEF","0E-8","0.0000000000BUSD","UNKNOWN_STATUS"
"2022-06-07 23:33:39","87821661","REEFBUSD","Limit","BUY","0.0043400000","3456.2000000000REEF","2022-06-07 23:34:05","3456.2000000000REEF","0.00434000","14.9999080000BUSD","FILLED"
"2022-06-07 23:24:09","182437869","CHZBUSD","Limit","SELL","0.6031000000","79.0000000000CHZ","2022-06-07 23:24:09","0.0000000000CHZ","0E-8","0.0000000000BUSD","UNKNOWN_STATUS"
"2022-06-07 23:22:37","182437683","CHZBUSD","Market","BUY","0E-10","121.0000000000CHZ","2022-06-07 23:22:37","121.0000000000CHZ","0.12310000","14.8951000000BUSD","FILLED"
"2022-06-04 14:48:54","116006708","SLPBUSD","Market","BUY","0E-10","2200.0000000000SLP","2022-06-04 14:48:54","2200.0000000000SLP","0.00525000","11.5500000000BUSD","FILLED"
"2022-06-04 14:48:07","22868178","SPELLBUSD","Market","BUY","0E-10","11023.0000000000SPELL","2022-06-04 14:48:07","11023.0000000000SPELL","0.00127000","13.9992100000BUSD","FILLED"
"2022-06-04 14:46:38","125166281","XECBUSD","Market","BUY","0E-10","229309.0000000000XEC","2022-06-04 14:46:38","229309.0000000000XEC","0.00004797","10.9999527300BUSD","FILLED"
"2022-05-30 02:58:19","200255659","UNFIBUSD","Limit","SELL","6.5200000000","5.5000000000UNFI","2022-06-07 20:16:45","5.5000000000UNFI","6.52000000","35.8600000000BUSD","FILLED"
"2022-05-30 02:53:03","108543991","FORBUSD","Limit","SELL","0.0967000000","283.8000000000FOR","2023-08-25 03:00:06","0.0000000000FOR","0E-8","0.0000000000BUSD","EXPIRED"
"2022-05-30 02:52:34","108543990","FORBUSD","Market","BUY","0E-10","559.2000000000FOR","2022-05-30 02:52:34","559.2000000000FOR","0.01967000","10.9994640000BUSD","FILLED"
"2022-05-30 02:44:20","514289003","MATICBUSD","Limit","SELL","3.0270000000","13.8000000000MATIC","2022-05-30 02:44:20","0.0000000000MATIC","0E-8","0.0000000000BUSD","UNKNOWN_STATUS"
"2022-05-30 02:43:52","514288779","MATICBUSD","Limit","SELL","1.2700000000","13.8000000000MATIC","2022-07-18 10:42:41","0.0000000000MATIC","0E-8","0.0000000000BUSD","CANCELED"
"2022-05-30 02:42:47","514288248","MATICBUSD","Market","BUY","0E-10","27.7000000000MATIC","2022-05-30 02:42:47","27.7000000000MATIC","0.62700000","17.3679000000BUSD","FILLED"
"2022-05-29 13:34:23","776577736","ADABUSD","Market","BUY","0E-10","50.2000000000ADA","2022-05-29 13:34:23","50.2000000000ADA","0.47580000","23.8851600000BUSD","FILLED"
"2022-05-27 20:07:34","774786459","ADABUSD","Limit","BUY","0.1759000000","135.9000000000ADA","2022-05-29 13:34:10","0.0000000000ADA","0E-8","0.0000000000BUSD","CANCELED"
"2022-05-27 20:04:27","44793911","FIOBUSD","Limit","SELL","0.2380000000","162.0000000000FIO","2023-06-14 03:00:15","0.0000000000FIO","0E-8","0.0000000000BUSD","EXPIRED"
"2022-05-27 20:04:00","44793890","FIOBUSD","Limit","SELL","0.0890000000","162.0000000000FIO","2023-06-14 03:00:15","0.0000000000FIO","0E-8","0.0000000000BUSD","EXPIRED"
"2022-05-27 20:03:18","44793873","FIOBUSD","Market","BUY","0E-10","325.0000000000FIO","2022-05-27 20:03:18","325.0000000000FIO","0.04910000","15.9575000000BUSD","FILLED"
"2022-05-27 20:02:17","383495360","AXSBUSD","Limit","BUY","8.4200000000","1.5700000000AXS","2022-06-04 14:46:22","0.0000000000AXS","0E-8","0.0000000000BUSD","CANCELED"
"2022-05-27 20:01:17","499296946","MANABUSD","Limit","BUY","0.6731000000","25.0000000000MANA","2022-06-04 14:46:25","0.0000000000MANA","0E-8","0.0000000000BUSD","CANCELED"
"2022-05-27 19:59:28","927817883","SOLBUSD","Limit","BUY","35.7400000000","0.6400000000SOL","2022-05-30 02:41:37","0.0000000000SOL","0E-8","0.0000000000BUSD","CANCELED"
"2022-05-27 19:58:32","494239469","DOTBUSD","Limit","BUY","6.2700000000","1.9100000000DOT","2022-05-30 02:41:40","0.0000000000DOT","0E-8","0.0000000000BUSD","CANCELED"
"2022-05-27 19:56:37","37077758","BUSDBRL","Market","BUY","0E-10","104.7000000000BUSD","2022-05-27 19:56:37","104.7000000000BUSD","4.77100000","499.5237000000BRL","FILLED"
"2022-05-27 19:55:38","37077703","BUSDBRL","Limit","BUY","4.7690000000","104.8000000000BUSD","2022-05-27 19:56:25","0.0000000000BUSD","0E-8","0.0000000000BRL","CANCELED"
"2022-05-17 16:51:53","198193924","UNFIBUSD","Limit","SELL","5.0250000000","5.5000000000UNFI","2022-05-30 02:41:38","0.0000000000UNFI","0E-8","0.0000000000BUSD","CANCELED"
"2022-05-17 16:51:27","198193888","UNFIBUSD","Limit","SELL","9.0250000000","5.5000000000UNFI","2022-06-07 20:19:24","5.5000000000UNFI","9.02500000","49.6375000000BUSD","FILLED"
"2022-05-17 16:50:52","198193809","UNFIBUSD","Market","BUY","0E-10","11.1000000000UNFI","2022-05-17 16:50:52","11.1000000000UNFI","2.02500000","22.4775000000BUSD","FILLED"
"2022-05-17 16:49:52","404417855","GALABUSD","Limit","SELL","0.4287100000","62.0000000000GALA","2022-05-17 16:49:52","0.0000000000GALA","0E-8","0.0000000000BUSD","UNKNOWN_STATUS"
"2022-05-17 16:49:14","404417218","GALABUSD","Market","BUY","0E-10","126.0000000000GALA","2022-05-17 16:49:14","126.0000000000GALA","0.08716000","10.9821600000BUSD","FILLED"
"2022-05-15 23:56:56","715467076","LUNABUSD","Limit","SELL","0.0006156500","40042.0300000000LUNA","2022-05-26 15:00:00","0.0000000000LUNA","0E-8","0.0000000000BUSD","EXPIRED"
"2022-05-15 23:55:59","715453385","LUNABUSD","Limit","BUY","0.0002138400","51478.8400000000LUNA","2022-05-15 23:56:00","51478.8400000000LUNA","0.00021384","11.0082351400BUSD","FILLED"
"2022-05-14 19:04:20","4672859013","ETHBUSD","Limit","BUY","1700.0000000000","0.0262000000ETH","2022-05-15 23:54:56","0.0000000000ETH","0E-8","0.0000000000BUSD","CANCELED"
"2022-05-14 18:56:20","506530924","MATICBUSD","Limit","SELL","2.6590000000","22.8000000000MATIC","2022-05-14 18:56:20","0.0000000000MATIC","0E-8","0.0000000000BUSD","UNKNOWN_STATUS"
"2022-05-14 18:55:50","506530756","MATICBUSD","Limit","SELL","1.6600000000","7.5000000000MATIC","2022-05-14 18:55:50","0.0000000000MATIC","0E-8","0.0000000000BUSD","UNKNOWN_STATUS"
"2022-05-14 18:55:18","506530572","MATICBUSD","Limit","BUY","0.6600000000","30.3000000000MATIC","2022-05-14 18:55:18","30.3000000000MATIC","0.66000000","19.9980000000BUSD","FILLED"
"2022-05-14 18:51:54","891060905","SOLBUSD","Limit","SELL","213.1400000000","0.0600000000SOL","2022-05-14 18:51:54","0.0000000000SOL","0E-8","0.0000000000BUSD","UNKNOWN_STATUS"
"2022-05-14 18:51:28","891060070","SOLBUSD","Limit","SELL","134.1200000000","0.0900000000SOL","2022-05-14 18:51:28","0.0000000000SOL","0E-8","0.0000000000BUSD","UNKNOWN_STATUS"
"2022-05-14 18:50:09","891055096","SOLBUSD","Limit","BUY","49.0200000000","0.2200000000SOL","2022-05-14 18:50:09","0.2200000000SOL","49.01000000","10.7822000000BUSD","FILLED"
"2022-05-14 18:35:49","212837286","SFPBUSD","Limit","SELL","1.6040000000","11.0000000000SFP","2022-05-14 18:35:49","0.0000000000SFP","0E-8","0.0000000000BUSD","UNKNOWN_STATUS"
"2022-05-14 18:34:57","212837164","SFPBUSD","Limit","SELL","1.0345000000","10.0000000000SFP","2022-05-14 18:34:57","0.0000000000SFP","0E-8","0.0000000000BUSD","UNKNOWN_STATUS"
"2022-05-14 18:33:22","212836939","SFPBUSD","Limit","BUY","0.3404000000","32.0000000000SFP","2022-05-14 18:33:22","32.0000000000SFP","0.34000000","10.8800000000BUSD","FILLED"
"2022-05-14 18:30:52","212836548","SFPBUSD","Limit","BUY","0.3392000000","32.0000000000SFP","2022-05-14 18:32:21","0.0000000000SFP","0E-8","0.0000000000BUSD","CANCELED"
"2022-05-14 18:19:49","679247029","LUNABUSD","Limit","BUY","0.0003886300","28588.5000000000LUNA","2022-05-14 18:19:50","28588.5000000000LUNA","0.00038863","11.1103487500BUSD","FILLED"
"2022-05-14 18:19:02","679235921","LUNABUSD","Limit","BUY","0.0003847700","28523.2700000000LUNA","2022-05-14 18:19:32","0.0000000000LUNA","0E-8","0.0000000000BUSD","CANCELED"
"2022-05-14 18:13:00","35590323","BUSDBRL","Limit","BUY","5.1240000000","97.5000000000BUSD","2022-05-14 18:13:00","97.5000000000BUSD","5.12400000","499.5900000000BRL","FILLED"
"2022-05-12 01:24:50","441293309","SHIBBUSD","Limit","SELL","0.0000526200","217518.0000000000SHIB","2022-05-12 01:24:50","0.0000000000SHIB","0E-8","0.0000000000BUSD","UNKNOWN_STATUS"
"2022-05-12 01:24:18","441292186","SHIBBUSD","Limit","SELL","0.0000326200","410412.0000000000SHIB","2022-05-12 01:24:18","0.0000000000SHIB","0E-8","0.0000000000BUSD","UNKNOWN_STATUS"
"2022-05-12 01:23:48","441291053","SHIBBUSD","Limit","SELL","0.0000226200","820824.0000000000SHIB","2022-05-12 01:23:48","0.0000000000SHIB","0E-8","0.0000000000BUSD","UNKNOWN_STATUS"
"2022-05-12 01:22:19","441287693","SHIBBUSD","Market","BUY","0E-10","1539417.0000000000SHIB","2022-05-12 01:22:19","1539417.0000000000SHIB","0.00001256","19.3350775200BUSD","FILLED"
"2022-05-11 20:24:50","619027466","LUNABUSD","Limit","SELL","5.9183000000","4.1800000000LUNA","2022-05-11 20:24:50","0.0000000000LUNA","0E-8","0.0000000000BUSD","UNKNOWN_STATUS"
"2022-05-11 20:24:01","619021990","LUNABUSD","Limit","SELL","4.1789000000","8.3600000000LUNA","2022-05-11 20:24:01","0.0000000000LUNA","0E-8","0.0000000000BUSD","UNKNOWN_STATUS"
"2022-05-11 20:23:23","619017084","LUNABUSD","Market","BUY","0E-10","16.7400000000LUNA","2022-05-11 20:23:23","16.7400000000LUNA","1.19410000","19.9892340000BUSD","FILLED"
"2022-05-11 20:22:21","619009405","LUNABUSD","Limit","BUY","1.1758000000","17.0000000000LUNA","2022-05-11 20:23:11","0.0000000000LUNA","0E-8","0.0000000000BUSD","CANCELED"
"2022-05-08 13:45:29","4621014415","ETHBUSD","Limit","BUY","1849.2600000000","0.0212000000ETH","2022-05-11 20:21:31","0.0000000000ETH","0E-8","0.0000000000BUSD","CANCELED"
"2022-05-08 13:28:49","69363694","CKBBUSD","Limit","SELL","0.0418400000","298.0000000000CKB","2023-08-18 03:00:04","0.0000000000CKB","0E-8","0.0000000000BUSD","EXPIRED"
"2022-05-08 13:28:26","69363690","CKBBUSD","Limit","SELL","0.0318400000","895.0000000000CKB","2023-08-18 03:00:04","0.0000000000CKB","0E-8","0.0000000000BUSD","EXPIRED"
"2022-05-08 13:27:57","69363680","CKBBUSD","Limit","BUY","0.0084600000","1193.0000000000CKB","2022-05-08 13:27:57","1193.0000000000CKB","0.00846000","10.0927800000BUSD","FILLED"
"2022-05-08 13:26:11","211053748","SFPBUSD","Limit","SELL","3.0060000000","11.0000000000SFP","2022-05-08 13:26:11","0.0000000000SFP","0E-8","0.0000000000BUSD","UNKNOWN_STATUS"
"2022-05-08 13:25:22","211053571","SFPBUSD","Limit","SELL","2.6082000000","10.0000000000SFP","2022-05-08 13:25:22","0.0000000000SFP","0E-8","0.0000000000BUSD","UNKNOWN_STATUS"
"2022-05-08 13:24:56","211053496","SFPBUSD","Limit","SELL","1.8608000000","6.0000000000SFP","2022-05-08 13:24:56","0.0000000000SFP","0E-8","0.0000000000BUSD","UNKNOWN_STATUS"
"2022-05-08 13:24:10","211053428","SFPBUSD","Limit","BUY","0.6082000000","27.0000000000SFP","2022-05-08 13:24:10","27.0000000000SFP","0.60820000","16.4214000000BUSD","FILLED"
"2022-05-08 13:18:21","211052616","SFPBUSD","Limit","BUY","0.6051000000","27.0000000000SFP","2022-05-08 13:23:29","0.0000000000SFP","0E-8","0.0000000000BUSD","CANCELED"
"2022-05-08 13:14:50","404493152","FTMBUSD","Limit","SELL","3.4010000000","13.0000000000FTM","2022-05-08 13:14:50","0.0000000000FTM","0E-8","0.0000000000BUSD","UNKNOWN_STATUS"
"2022-05-08 13:13:11","404491336","FTMBUSD","Limit","SELL","2.4680000000","13.0000000000FTM","2022-05-08 13:13:44","0.0000000000FTM","0E-8","0.0000000000BUSD","CANCELED"
"2022-05-08 13:11:23","404488200","FTMBUSD","Limit","SELL","2.3856000000","40.0000000000FTM","2022-05-08 13:11:23","0.0000000000FTM","0E-8","0.0000000000BUSD","UNKNOWN_STATUS"
"2022-05-08 13:10:24","404487436","FTMBUSD","Limit","BUY","0.6856000000","31.0000000000FTM","2022-05-08 13:10:25","31.0000000000FTM","0.68560000","21.2536000000BUSD","FILLED"
"2022-05-08 13:08:12","61494859","AERGOBUSD","Limit","SELL","0.3811000000","55.0000000000AERGO","2022-07-10 05:09:37","55.0000000000AERGO","0.38110000","20.9605000000BUSD","FILLED"
"2022-05-08 13:07:17","61494840","AERGOBUSD","Limit","BUY","0.1811000000","56.0000000000AERGO","2022-05-08 13:07:17","56.0000000000AERGO","0.18110000","10.1416000000BUSD","FILLED"
"2022-05-08 13:04:31","34534690","BUSDBRL","Limit","BUY","5.1350000000","97.3000000000BUSD","2022-05-08 13:04:31","97.3000000000BUSD","5.13500000","499.6355000000BRL","FILLED"
"2022-03-28 20:35:49","4418631445","ETHBUSD","Limit","SELL","8810.2900000000","0.0052000000ETH","2022-03-28 20:35:49","0.0000000000ETH","0E-8","0.0000000000BUSD","UNKNOWN_STATUS"
"2022-03-28 20:35:19","4418630589","ETHBUSD","Limit","SELL","4110.0000000000","0.0051000000ETH","2022-03-28 20:35:19","0.0000000000ETH","0E-8","0.0000000000BUSD","UNKNOWN_STATUS"
"2022-03-24 14:27:25","38869556","ACMBUSD","Limit","SELL","20.4830000000","0.8000000000ACM","2023-07-26 03:00:03","0.0000000000ACM","0E-8","0.0000000000BUSD","EXPIRED"
"2022-03-24 14:26:40","12239077","BTTCUSDT","Limit","SELL","0.0000094100","2680711.0000000000BTTC","2022-03-24 14:26:40","0.0000000000BTTC","0E-8","0.0000000000USDT","UNKNOWN_STATUS"
"2022-03-24 14:21:33","4590936","MCBUSD","Limit","SELL","11.9100000000","1.7300000000MC","2022-03-24 14:21:33","0.0000000000MC","0E-8","0.0000000000BUSD","UNKNOWN_STATUS"
"2022-03-24 14:20:49","4590921","MCBUSD","Limit","SELL","6.5100000000","1.7300000000MC","2022-03-24 14:20:49","0.0000000000MC","0E-8","0.0000000000BUSD","UNKNOWN_STATUS"
"2022-03-24 14:19:54","772320599","SOLBUSD","Limit","SELL","240.0900000000","0.1600000000SOL","2022-03-24 14:19:54","0.0000000000SOL","0E-8","0.0000000000BUSD","UNKNOWN_STATUS"
"2022-03-24 14:18:04","368468627","CAKEBUSD","Limit","SELL","33.9400000000","3.0500000000CAKE","2022-04-30 11:33:54","0.0000000000CAKE","0E-8","0.0000000000BUSD","CANCELED"
"2022-03-24 14:16:55","368468561","CAKEBUSD","Limit","SELL","26.9400000000","3.0400000000CAKE","2022-04-30 11:33:57","0.0000000000CAKE","0E-8","0.0000000000BUSD","CANCELED"
"2022-03-24 14:15:45","419353851","MANABUSD","Limit","SELL","5.1615000000","4.0000000000MANA","2022-03-24 14:15:45","0.0000000000MANA","0E-8","0.0000000000BUSD","UNKNOWN_STATUS"
"2022-03-24 14:13:50","419352244","MANABUSD","Limit","SELL","3.6133000000","3.0000000000MANA","2022-03-24 14:13:50","0.0000000000MANA","0E-8","0.0000000000BUSD","UNKNOWN_STATUS"
"2022-02-25 23:23:09","443818899","DOTBUSD","Limit","SELL","57.2100000000","0.9300000000DOT","2022-02-25 23:23:09","0.0000000000DOT","0E-8","0.0000000000BUSD","UNKNOWN_STATUS"
"2022-02-25 23:22:47","443818725","DOTBUSD","Limit","SELL","27.2000000000","0.9300000000DOT","2022-02-25 23:22:47","0.0000000000DOT","0E-8","0.0000000000BUSD","UNKNOWN_STATUS"
"2022-02-25 23:21:00","173229008","MFTUSDT","Limit","SELL","0.0281600000","2894.0000000000MFT","2023-01-03 03:00:09","0.0000000000MFT","0E-8","0.0000000000USDT","EXPIRED"
"2022-02-25 23:20:08","173228840","MFTUSDT","Limit","SELL","0.0196030000","2893.0000000000MFT","2023-01-03 03:00:09","0.0000000000MFT","0E-8","0.0000000000USDT","EXPIRED"
"2022-02-25 23:19:38","173228805","MFTUSDT","Limit","SELL","0.0136000000","1928.0000000000MFT","2022-09-09 08:04:49","1928.0000000000MFT","0.01360000","26.2208000000USDT","FILLED"
"2022-02-25 13:07:12","173136118","MFTUSDT","Market","BUY","0E-10","6709.0000000000MFT","2022-02-25 13:07:12","6709.0000000000MFT","0.00591517","39.6848440000USDT","FILLED"
"2022-02-25 13:06:33","173136044","MFTUSDT","Limit","BUY","0.0058970000","6729.0000000000MFT","2022-02-25 13:06:50","0.0000000000MFT","0E-8","0.0000000000USDT","CANCELED"
"2022-02-25 12:58:46","362362805","CAKEUSDT","Limit","BUY","6.5100000000","6.0900000000CAKE","2022-02-25 12:58:46","6.0900000000CAKE","6.51000000","39.6459000000USDT","FILLED"
"2022-02-25 10:23:59","2730918757","DOTUSDT","Market","BUY","0E-10","1.8600000000DOT","2022-02-25 10:23:59","1.8600000000DOT","16.07000000","29.8902000000USDT","FILLED"
"2022-02-25 10:23:17","2730917627","DOTUSDT","Limit","BUY","16.0400000000","1.8700000000DOT","2022-02-25 10:23:45","0.0000000000DOT","0E-8","0.0000000000USDT","CANCELED"
"2022-02-25 10:19:54","2991633351","ADAUSDT","Limit","SELL","2.8410000000","21.6000000000ADA","2022-02-25 10:19:54","0.0000000000ADA","0E-8","0.0000000000USDT","UNKNOWN_STATUS"
"2022-02-25 10:19:27","2991632334","ADAUSDT","Limit","SELL","1.8410000000","21.6000000000ADA","2022-02-25 10:19:27","0.0000000000ADA","0E-8","0.0000000000USDT","UNKNOWN_STATUS"
"2022-02-25 10:18:33","2991630212","ADAUSDT","Limit","BUY","0.8410000000","43.2000000000ADA","2022-02-25 10:18:33","43.2000000000ADA","0.84100000","36.3312000000USDT","FILLED"
"2022-02-25 10:17:49","263273774","GALABUSD","Limit","SELL","1.1133300000","39.0000000000GALA","2022-02-25 10:17:49","0.0000000000GALA","0E-8","0.0000000000BUSD","UNKNOWN_STATUS"
"2022-02-25 10:17:17","263272978","GALABUSD","Limit","SELL","0.8333900000","39.0000000000GALA","2022-02-25 10:17:17","0.0000000000GALA","0E-8","0.0000000000BUSD","UNKNOWN_STATUS"
"2022-02-25 10:16:51","263272368","GALABUSD","Limit","SELL","0.6334700000","78.0000000000GALA","2022-02-25 10:16:51","0.0000000000GALA","0E-8","0.0000000000BUSD","UNKNOWN_STATUS"
"2022-02-25 10:15:55","873206807","GALAUSDT","Limit","SELL","0.4334400000","51.0000000000GALA","2022-02-25 10:15:55","0.0000000000GALA","0E-8","0.0000000000USDT","UNKNOWN_STATUS"
"2022-02-25 10:15:09","873200721","GALAUSDT","Limit","BUY","0.2337100000","207.0000000000GALA","2022-02-25 10:15:10","207.0000000000GALA","0.23371000","48.3779700000USDT","FILLED"
"2022-02-25 10:11:49","56030817","USDTBRL","Limit","BUY","5.1560000000","193.9000000000USDT","2022-02-25 10:11:49","193.9000000000USDT","5.15600000","999.7484000000BRL","FILLED"
"2022-02-23 11:35:07","15416342","WINBRL","Limit","SELL","0.0031440000","20013.0000000000WIN","2022-02-23 11:35:07","0.0000000000WIN","0E-8","0.0000000000BRL","UNKNOWN_STATUS"
"2022-02-23 10:23:11","15414684","WINBRL","Limit","SELL","0.0071140000","7209.0000000000WIN","2022-02-23 10:23:11","0.0000000000WIN","0E-8","0.0000000000BRL","UNKNOWN_STATUS"
"2022-02-23 10:22:11","15414653","WINBRL","Limit","SELL","0.0045900000","7208.0000000000WIN","2022-02-23 10:22:11","0.0000000000WIN","0E-8","0.0000000000BRL","UNKNOWN_STATUS"
"2022-02-23 10:20:28","16692756","AXSBRL","Limit","SELL","927.9000000000","0.1300000000AXS","2023-05-04 03:00:02","0.0000000000AXS","0E-8","0.0000000000BRL","EXPIRED"
"2022-02-23 10:19:48","16692753","AXSBRL","Limit","SELL","637.9000000000","0.1300000000AXS","2023-05-04 03:00:02","0.0000000000AXS","0E-8","0.0000000000BRL","EXPIRED"
"2022-02-23 10:18:21","52543541","ADABRL","Limit","SELL","16.7320000000","7.1000000000ADA","2022-02-23 10:18:21","0.0000000000ADA","0E-8","0.0000000000BRL","UNKNOWN_STATUS"
"2022-02-23 10:17:56","52543525","ADABRL","Limit","SELL","14.7320000000","7.0000000000ADA","2022-02-23 10:17:56","0.0000000000ADA","0E-8","0.0000000000BRL","UNKNOWN_STATUS"
"2022-02-23 10:16:20","5897677","C98BRL","Limit","SELL","28.2000000000","5.4000000000C98","2023-02-10 03:00:18","0.0000000000C98","0E-8","0.0000000000BRL","EXPIRED"
"2022-02-23 10:15:34","5897670","C98BRL","Limit","SELL","17.2000000000","5.3000000000C98","2023-02-10 03:00:18","0.0000000000C98","0E-8","0.0000000000BRL","EXPIRED"
"2022-02-23 10:14:47","5897654","C98BRL","Limit","BUY","7.2000000000","10.8000000000C98","2022-02-23 10:14:47","10.8000000000C98","7.20000000","77.7600000000BRL","FILLED"
"2022-02-23 10:13:41","16692627","AXSBRL","Limit","BUY","268.9000000000","0.2700000000AXS","2022-02-23 10:13:41","0.2700000000AXS","267.90000000","72.3330000000BRL","FILLED"
"2022-02-23 10:12:07","15414465","WINBRL","Limit","BUY","0.0014540000","34430.0000000000WIN","2022-02-23 11:11:24","34430.0000000000WIN","0.00145400","50.0612200000BRL","FILLED"
"2022-02-23 10:10:39","52543255","ADABRL","Limit","BUY","4.7130000000","14.1000000000ADA","2022-02-23 10:10:39","14.1000000000ADA","4.71300000","66.4533000000BRL","FILLED"
"2022-01-22 19:34:44","422929367","LINKBUSD","Limit","SELL","49.3700000000","1.8200000000LINK","2022-01-22 19:34:44","0.0000000000LINK","0E-8","0.0000000000BUSD","UNKNOWN_STATUS"
"2022-01-22 19:32:58","40126337","WINBUSD","Limit","SELL","0.0010294000","22588.0000000000WIN","2022-01-22 19:32:58","0.0000000000WIN","0E-8","0.0000000000BUSD","UNKNOWN_STATUS"
"2022-01-22 19:32:28","40126170","WINBUSD","Limit","SELL","0.0008931000","22588.0000000000WIN","2022-01-22 19:32:28","0.0000000000WIN","0E-8","0.0000000000BUSD","UNKNOWN_STATUS"
"2022-01-22 19:31:39","40125963","WINBUSD","Limit","SELL","0.0004929000","22588.0000000000WIN","2022-01-22 19:32:34","0.0000000000WIN","0E-8","0.0000000000BUSD","CANCELED"
"2022-01-21 22:13:36","422138404","LINKBUSD","Limit","SELL","47.9900000000","0.5900000000LINK","2022-01-21 22:13:36","0.0000000000LINK","0E-8","0.0000000000BUSD","UNKNOWN_STATUS"
"2022-01-21 22:12:51","422137868","LINKBUSD","Limit","SELL","29.0800000000","0.5800000000LINK","2022-01-21 22:12:51","0.0000000000LINK","0E-8","0.0000000000BUSD","UNKNOWN_STATUS"
"2022-01-21 13:02:35","43817868","SHIBBRL","Limit","BUY","0.0000471400","1517077.0000000000SHIB","2022-02-23 10:08:59","0.0000000000SHIB","0E-8","0.0000000000BRL","CANCELED"
"2022-01-21 13:01:37","14151480","WINBRL","Limit","BUY","0.0015830000","45176.0000000000WIN","2022-01-22 09:48:33","45176.0000000000WIN","0.00158300","71.5136080000BRL","FILLED"
"2022-01-21 12:59:42","144785044","ETHBRL","Limit","BUY","8328.1900000000","0.0057000000ETH","2022-02-23 10:09:02","0.0000000000ETH","0E-8","0.0000000000BRL","CANCELED"
"2022-01-21 12:58:55","17344088","MATICBRL","Limit","BUY","5.0730000000","12.5000000000MATIC","2022-02-23 10:09:03","0.0000000000MATIC","0E-8","0.0000000000BRL","CANCELED"
"2022-01-21 12:56:28","19454463","ENJBRL","Limit","BUY","6.5350000000","12.9000000000ENJ","2022-02-23 10:09:07","0.0000000000ENJ","0E-8","0.0000000000BRL","CANCELED"
"2022-01-21 12:55:33","67508663","BNBBRL","Limit","BUY","1867.0000000000","0.0600000000BNB","2022-01-22 10:10:31","0.0600000000BNB","1867.00000000","112.0200000000BRL","FILLED"
